RepoID,CommitSha,CommitDate,CommitTime
302588136,cf67bb2cf214fd4ed92c4270cc5c03fb7b41340b,11/11/2020,18:01:22
302588136,38b94337c5d2a680762c9768ce1b025b0151a1c9,11/11/2020,17:57:39
302588136,320f36c4114ea5b86d1cc3af58bfe810fa97ab8c,11/11/2020,15:32:07
302588136,544d059781a13af89c7969a5a0733b58836a8f72,11/11/2020,13:23:36
302588136,2e53508bbdf8a85421b7710b4cb69dc1fc4d45d7,11/11/2020,13:10:24
302588136,a4e99b149b79e140c171f56921a5b0d65b191de4,11/11/2020,01:09:14
302588136,24e1e65b17d947c594c3a9717ed0f174cf958733,10/11/2020,10:02:32
302588136,8458e74e572a1fe62641f324bc1e651c59473c2d,10/11/2020,09:40:13
302588136,b93c03d32261e8a3c822b86b9ee077db3cd472eb,09/11/2020,13:37:45
302588136,9eb1c2fd83cad63e8491129aafc4a7a3b6f21089,08/11/2020,16:33:22
302588136,1ffdef2a88bdce902a0c787c8f7bc9304a808208,25/10/2020,22:10:20
302588136,26477a311010b2fec7ab6838860036e84d7107c1,25/10/2020,21:56:40
302588136,d17e1c54ea46143ccafc428a86c85c9e27971053,25/10/2020,21:52:24
302588136,ae7bd3dcedf05c9b0599176f6e70ed02ae137ebb,22/10/2020,20:33:02
302588136,42e1251ef917cb42a8be34a44cebb10fa9cb3da1,22/10/2020,20:25:16
302588136,c40ca94cece77871cb9d8467dcfb2c52088c28e4,22/10/2020,20:22:59
302588136,2d6783379011a37b0a00d88c64f58d9e6792b377,22/10/2020,20:18:00
302588136,8c759d2a89d319697884e21ae7e3e301d0b20754,22/10/2020,20:02:38
302588136,28f8f3204321d7104aed66683c50715ce631b2fd,22/10/2020,19:58:13
302588136,f8b103f817a25b6d4552a0d3b11b36eb778441d6,22/10/2020,19:54:07
302588136,33d250ba13a98bac72b0e3b356d878ff8667d605,21/10/2020,18:39:51
302588136,ff83f34542ed87dcdc72ae754cfb69ac1ac9d4c3,21/10/2020,18:38:50
302588136,c64e8d95eac76db734912e9272f483eb58631014,20/10/2020,20:02:32
302588136,59409f25857c55b627a8d3202f2576d0d435eacb,11/10/2020,09:56:21
302588136,cb930cd7950804b13d82de8fcbebf05e39e01f88,10/10/2020,22:37:28
302588136,d883ed66fa39b952e4f714a4e7450d7d2dba8fdd,09/10/2020,13:03:15
302588136,6eac6bba4650abd04dd36fe0d533ea0f96adb78a,09/10/2020,11:24:11
302588136,3e8d98ca3405710a6ed7255b7bd1bee3bad61a49,09/10/2020,09:22:03
302588136,661ecac826f87879ecdd58e5cc7f89ddfa1dc44d,09/10/2020,09:21:04
303528395,93d0e4c8f969659f554f7c3bb59d8c209677aa68,28/10/2020,17:45:18
303528395,db776ef0e05325593a410aa22c313a2c42becd3e,25/10/2020,21:31:36
303528395,58f9bbeaf10598e32422865ebdb7c785ac669177,21/10/2020,21:54:36
303528395,2f5543186122001b9f1bbe51a5ac27d52c50773b,21/10/2020,21:45:10
303528395,1d24a8bbcb0bdeceb768fc545559415e327fa205,14/10/2020,18:11:27
303528395,a20a43889604563fa6d90e62ee6673e366bb0dc0,14/10/2020,18:07:08
303528395,2539179e1ac66482e6d195d593e43b9b99844677,12/10/2020,22:54:06
303528395,b829433b174a413cf25c96e2202a0f82518d1119,12/10/2020,22:54:06
303528395,c2da16a4a77bde75d99c506ed343c13e6c7fbe5f,12/10/2020,22:52:28
317540024,766aabc6ec32a03b415213544c0687766a81dc13,14/12/2020,13:06:31
317540024,81cf8a634e6c280a4d95a7c8df583ea875a2bed3,14/12/2020,02:06:28
317540024,8336694bd594cb20d1ad8f3d1b2da25ac89396c1,13/12/2020,17:34:39
317540024,976f1d82a0fddc409c016bb7b661483be2be85df,13/12/2020,16:51:09
317540024,a0d357a36a3c896bb6cff85881ea4a87187efb99,13/12/2020,15:26:09
317540024,54811a2b5f093594a96db4c1d4e8110c95499f1a,09/12/2020,18:36:55
317540024,155762e8602dae4beaa497fca592ffd4371a5b0f,09/12/2020,15:30:12
317540024,a9184ac484069b08d5754745a608bfd89bc00255,08/12/2020,23:15:25
317540024,ac4aa69b0891a1898d4a90f37e8944a1b005e1b4,08/12/2020,15:32:43
317540024,675b4c40350823787182864152142af45f0c5b3d,08/12/2020,13:22:28
317540024,d1f0a29fb6ec867662784540544bfd74e345b871,07/12/2020,00:35:21
317540024,3a3a0978ceb7fbd62c11c781f6c7dbdfc934f997,04/12/2020,03:16:49
317540024,682e9a5739746b2cfddef2367dd6c382837fb0e6,04/12/2020,02:28:49
317540024,63bcd4e913b85a0b56f829bfc382a9bb8c03b709,03/12/2020,17:57:39
317540024,9bdf3c9796c1898a96ce981fc043fe9e5b8cbc65,01/12/2020,13:06:35
317540024,6b7aeded07914d37cbd8cea44464ee001d58f8ac,01/12/2020,13:04:57
317540024,95cf2a1f13499888860fbe98b9a04ea02f01663d,01/12/2020,12:52:30
317540024,9daa312c2ab3d0dff5b3521f632e8cdc3977e73c,01/12/2020,12:51:47
314227462,0ec82fd442f1b9ce2113359346335e06e7c47c8e,02/01/2021,00:03:28
314227462,a7f19d0e1ddba8ac104af029ad054bfe1523094b,01/01/2021,20:11:35
314227462,1795d8654d86582885c8191041191ccf9b476f27,01/01/2021,20:09:38
314227462,8cb5513072f5052ed2dce91e9f33eeea225d2d04,01/01/2021,17:18:10
314227462,900470ea9b2c41b2df0d5c2235a32de3163993a9,31/12/2020,23:20:20
314227462,4d7c454e85456ac63c3adb082f974bb0b86f0832,07/12/2020,15:09:43
314227462,47648cc661e97267707f9a4c66ac5c08006b3202,07/12/2020,00:53:03
314227462,afdd24d6196dff671ed2b407689490f0f31a5d14,19/11/2020,11:39:34
314227462,20f1b9c3d61aeec006d2af9befa72d0ff3ba4cbb,19/11/2020,11:29:43
318607884,151f944e2a3317cee6c309a39dab2c90d1aa4848,18/12/2020,17:40:45
318607884,ad00e1522f2023b7cd094b7b36efb601ac94d861,18/12/2020,14:49:24
318607884,363ab0c1f0ea7904673bf02e359b133068da6ce0,18/12/2020,14:32:30
318607884,2ce1d99569bdfda3a0a5cd867d0b8cef4213ba68,18/12/2020,14:02:37
318607884,d1498edc1d5e8e29af21ca697fb2eaebbb60b516,18/12/2020,14:01:32
318607884,73a06c4999c71d472b6f21a0b6266bb3c559d8b9,18/12/2020,13:41:53
318607884,fa62c02c4ffa3c7e80c37f4e27ddbc6e2b55a488,18/12/2020,12:46:20
318607884,5b0a21e7eb2c1af3f03c28a066930ade53161a85,18/12/2020,12:13:12
318607884,123b3003b791c27aa95c3f486e87f852f31d12a6,18/12/2020,11:51:32
318607884,e11ceb29ab7ed7063c3f24f27ca6fe1e8717dd06,18/12/2020,11:41:38
318607884,298f62376065decf7481e8ae764fb50577fb42de,18/12/2020,11:09:45
318607884,939b72a6c63302cb3185563570e5fd52ea9949be,18/12/2020,10:50:01
318607884,ac24655eb8792c9b6b1a7165f9729f0b55eadc4f,18/12/2020,10:40:23
318607884,ee8854ae41d40fcd1a00d6f8388e611a6ba97fee,18/12/2020,09:26:22
318607884,24a776d2266ed26d307e4f40104b214bc2f66215,18/12/2020,09:10:12
318607884,8395ba6a43126ccb75a7b921145ec7543e552eb7,18/12/2020,08:52:22
318607884,55a493b9f08a5d878d994c0aa925753109e75610,18/12/2020,08:23:38
318607884,9481bae6d99ad5d7c244d6c43339eee9a137dcf3,18/12/2020,08:00:31
318607884,82ab957c698586a99ed7f1e4c27f690d2622f4e3,18/12/2020,07:08:54
318607884,584a5f1c26203cfc1f5e9acb84bf721e1e4a7f70,17/12/2020,20:17:58
318607884,fb0129d7ff6e5b45139114d84b57411eb214193c,17/12/2020,18:34:56
318607884,285b4f25ef6cab4c18656dbee34d35a7b855065f,17/12/2020,18:27:41
318607884,ee3f855c43e5dae0c3e85b764b4c118a94af8211,17/12/2020,17:52:31
318607884,d2d4b61a417a7c9a95e4222d1489d42f49dded46,17/12/2020,16:41:10
318607884,2d535d754d14fbec70e5139444fdfa2f2b836e95,17/12/2020,16:33:03
318607884,a3a8678e35a4c2ab14afb2e34c4fa43df4b20e29,17/12/2020,15:41:56
318607884,b35fc358d54b1642bc6685ce4215cbd3159c5df0,17/12/2020,14:51:06
318607884,b53a9b44389888b09e702852696a1896b2bd27c9,17/12/2020,14:14:56
318607884,1704ae067193da776d46020a32808b6b68084e0f,17/12/2020,13:53:15
318607884,0998a98836da94bcd384486beed144c2453b9669,17/12/2020,13:39:31
318607884,c5c0ad295f0d5fd7f54e79568bb9d16997421a0e,17/12/2020,13:28:33
318607884,42dcb9dd63ccc6bcb7e0d70214d3297db80a019e,17/12/2020,12:06:12
318607884,1eda9ba176159b0f895aac46b2929a3b533dfdce,17/12/2020,11:57:58
318607884,d3ca2cf300399020ef4e99e4551e470912c49659,17/12/2020,11:00:25
318607884,c2d8f38e8824fc112935b61eec3081e4543b3935,16/12/2020,22:13:13
318607884,3ede33cfb51fca81697a5c423105216f92602fdc,16/12/2020,20:28:24
318607884,9cd3bcce1e8d5b757d269ff24ce86e169426c006,16/12/2020,18:01:01
318607884,e9538fa52990e79b1018a3bc5d886b4d6b9f7303,16/12/2020,17:22:16
318607884,34e81befc9f7d1d23607a40fa0fbc9477472fd4b,16/12/2020,16:29:59
318607884,be8ebf8e2012677edb9949918bd8c2f7ebe357de,16/12/2020,16:13:52
318607884,b645ee1c73c652b8da51f295a7a5356d821ba1d5,16/12/2020,15:37:19
318607884,6ff52ccc38e3dc95187c24c0edcf80d2aefe4f69,16/12/2020,15:30:10
318607884,18d9b5f435c957db13855fb923284be195aedea4,16/12/2020,15:24:08
318607884,8c76bd5322e4fc4c85e2c9563db0c4741b03f377,16/12/2020,12:29:31
318607884,af320fe1e9fabaef42c10fe75e9c535d158028ce,16/12/2020,11:53:13
318607884,94deaec308d3036eaeb5e614bd37a49d9e86a8e2,16/12/2020,11:14:48
318607884,067264e275d0dc454d586dec5d8a8b44ce1e6555,16/12/2020,09:13:26
318607884,b0d88fa6677c21a8fe6d8a8995e1ee04fd7b3ffa,16/12/2020,08:05:40
318607884,c3131c30d226b38cc6985ee2bba5853a94bd32cf,16/12/2020,07:48:36
318607884,5ccb056a0fcfebb3e864d6d2fb0fe5aa12e1a259,15/12/2020,13:50:38
318607884,5e15d4521d406bfe91418d4a958510624ccd9958,15/12/2020,13:25:21
318607884,0e34030d2b505ffbc70d1128ac3d2829316789d8,15/12/2020,13:06:35
318607884,5b0a2933cce1dd6fa3e30f8040d69b708eebf631,14/12/2020,23:14:23
318607884,95479f62a9ad41887a6bc38653f37611791224d7,14/12/2020,14:32:34
318607884,8538213b1d66add07553c2b0f94d5aa4ce901fa4,14/12/2020,13:22:37
318607884,267487fd5d7152b004042f5b19d649337939ef49,13/12/2020,23:51:24
318607884,00e768fee363c3a46b45c6ec522156fe7c4a78a5,12/12/2020,13:56:06
318607884,5f215c7d6b87bce1c55898ca13e76e0ede05e9f2,12/12/2020,09:23:24
318607884,d6948efe5d4a9497af02ed238e5aeb1a03d80971,11/12/2020,15:32:18
318607884,6a12215d26e4375dd60e830c048c0d5b1ee5442c,04/12/2020,19:04:44
